symbol,session,prev_close,open,implied_factor,nearest_clean,clean_distance_pct
ABINFRA,2025-10-17,196.86,19.58,0.099462,0.1,0.538
AJMERA,2026-01-14,910.05,182.9,0.200978,0.2,0.489
AMIORG,2025-04-25,2202.5,1118.0,0.507605,0.5,1.521
ANANDRATHI,2025-03-05,4056.6,1997.75,0.492469,0.5,1.506
ANDHRAPAP,2024-09-11,586.45,118.4,0.201893,0.2,0.946
ANGELONE,2026-02-26,2489.9,251.0,0.100807,0.1,0.807
ANIKINDS,2025-06-20,130.72,102.51,0.784195,0.8,1.976
AQYLON,2026-03-05,1084.1,109.0,0.100544,0.1,0.544
ARTNIRMAN,2025-03-25,67.34,44.01,0.653549,0.666667,1.968
ASHOKLEY,2025-07-16,250.9,125.4,0.499801,0.5,0.04
AVL,2025-06-20,423.7,337.0,0.795374,0.8,0.578
BAJFINANCE,2025-06-20,8932.0,897.0,0.100425,0.1,0.425
BANCOINDIA,2024-12-30,1056.1,534.95,0.506533,0.5,1.307
BANKNIFTY1,2026-02-27,631.97,63.55,0.100559,0.1,0.559
BCG,2026-05-19,11.57,9.15,0.790838,0.8,1.145
BECTORFOOD,2025-12-12,1310.3,262.9,0.200641,0.2,0.321
BHARATRAS,2025-12-12,9900.0,2549.0,0.257475,0.25,2.99
BIRLAMONEY,2025-06-20,268.53,174.72,0.650654,0.666667,2.402
BLUECHIP,2026-05-11,2.76,1.83,0.663043,0.666667,0.543
BLUECHIP,2026-08-10,2.49,1.69,0.678715,0.666667,1.807
BRIGADE,2026-06-17,720.25,559.7,0.777091,0.8,2.864
BSE,2025-06-20,6453.5,2600.0,0.402882,0.4,0.721
BSLNIFTY,2025-03-04,25.49,20.37,0.799137,0.8,0.108
BYKE,2026-05-19,43.06,34.37,0.798189,0.8,0.226
CAMS,2025-12-05,3956.7,791.4,0.200015,0.2,0.008
CENTEXT,2026-01-19,33.28,22.55,0.677584,0.666667,1.638
CHAMBLFERT,2025-06-20,690.85,543.05,0.786061,0.8,1.742
CINELINE,2025-03-25,121.72,80.15,0.658478,0.666667,1.228
CLEDUCATE,2025-12-02,108.17,85.05,0.786262,0.8,1.717
COASTCORP,2025-03-04,206.64,41.99,0.203204,0.2,1.602
COFFEEDAY,2025-12-15,48.81,33.09,0.677935,0.666667,1.69
CONS,2026-02-27,120.26,12.15,0.101031,0.1,1.031
CORALFINAC,2024-12-30,71.3,55.56,0.779243,0.8,2.595
CORDELIA,2026-08-25,1043.6,102.0,0.097739,0.1,2.261
CPCAP,2025-06-20,399.35,158.5,0.396895,0.4,0.776
CUPID,2026-03-09,402.2,82.0,0.203879,0.2,1.939
DBREALTY,2025-08-01,235.27,187.0,0.794831,0.8,0.646
DEVIT,2025-08-21,117.8,47.12,0.4,0.4,0.0
DIACABS,2025-01-13,1381.4,137.95,0.099862,0.1,0.138
DIACABS,2025-03-24,121.72,94.74,0.778344,0.8,2.707
DIGJAMLMTD,2025-12-09,52.75,42.0,0.796209,0.8,0.474
DRREDDY,2024-10-28,6514.7,1320.0,0.202619,0.2,1.309
ECLERX,2026-03-13,3151.8,1571.1,0.498477,0.5,0.305
ELGIRUBCO,2025-12-08,74.56,50.4,0.675966,0.666667,1.395
EMAMIREAL,2025-03-25,149.68,118.46,0.791422,0.8,1.072
ENERGY,2026-02-27,37.36,29.8,0.797645,0.8,0.294
ESSARSHPNG,2026-02-02,40.07,26.5,0.661343,0.666667,0.799
FCL,2025-10-31,248.6,25.55,0.102776,0.1,2.776
FILATFASH,2026-08-11,0.24,0.19,0.791667,0.8,1.042
FISCHER,2025-09-12,1132.6,113.9,0.100565,0.1,0.565
FMNL,2026-08-24,10.75,8.37,0.778605,0.8,2.674
FOODSIN,2025-09-29,115.05,90.99,0.790874,0.8,1.141
GEEKAYWIRE,2025-10-30,68.88,35.0,0.50813,0.5,1.626
GODHA,2025-06-20,0.72,0.49,0.680556,0.666667,2.083
GOKULAGRO,2025-10-14,386.35,193.5,0.500841,0.5,0.168
GOLDADD,2026-08-28,152.98,15.48,0.10119,0.1,1.19
GPIL,2024-10-04,1046.65,206.4,0.197201,0.2,1.4
GROWWSLVR,2026-02-06,242.59,24.0,0.098932,0.1,1.068
HDFCAMC,2025-11-26,5336.5,2682.0,0.502577,0.5,0.515
HDFCBANK,2025-08-26,1964.1,979.5,0.498702,0.5,0.26
HEADSUP,2025-06-20,12.73,10.08,0.79183,0.8,1.021
HEALTHADD,2026-07-03,162.94,16.55,0.101571,0.1,1.571
HEALTHIETF,2024-10-14,151.11,120.0,0.794123,0.8,0.735
HEG,2024-10-18,2570.4,509.0,0.198024,0.2,0.988
HILINFRA,2026-07-27,56.25,44.3,0.787556,0.8,1.556
HIRECT,2026-03-27,1588.0,790.0,0.497481,0.5,0.504
IFGLEXPOR,2025-07-18,554.65,281.5,0.507527,0.5,1.505
IGL,2025-01-31,395.7,197.0,0.497852,0.5,0.43
INDIAGLYCO,2025-08-12,1818.5,909.0,0.499863,0.5,0.027
INDOUS,2025-05-05,311.45,159.99,0.513694,0.5,2.739
INFOBEAN,2026-02-27,799.8,201.65,0.252126,0.25,0.85
IOLCP,2025-03-11,345.6,69.25,0.200376,0.2,0.188
IRB,2026-03-30,40.93,20.56,0.502321,0.5,0.464
IVZINNIFTY,2026-07-31,2786.51,276.5,0.099228,0.1,0.772
JAGSNPHARM,2025-01-08,652.0,259.05,0.397316,0.4,0.671
JAIBALAJI,2025-01-17,828.7,163.0,0.196694,0.2,1.653
JASH,2024-10-30,2491.25,498.3,0.20002,0.2,0.01
JBMA,2025-01-31,1507.25,764.6,0.507281,0.5,1.456
JINDALSAW,2024-10-09,747.65,372.0,0.497559,0.5,0.488
JLHL,2026-07-24,1574.5,313.9,0.199365,0.2,0.318
JTLIND,2024-11-14,183.79,92.5,0.503292,0.5,0.658
KAMDHENU,2025-01-08,479.3,48.25,0.100668,0.1,0.668
KAMOPAINTS,2024-09-30,46.68,37.34,0.799914,0.8,0.011
KAVDEFENCE,2026-01-05,108.06,73.15,0.676939,0.666667,1.541
KEYFINSERV,2025-01-13,354.95,230.08,0.648204,0.666667,2.769
KFINTECH,2025-04-07,1036.0,828.8,0.8,0.8,0.0
KIMS,2024-09-13,2735.9,557.0,0.203589,0.2,1.795
KIRLPNU,2026-08-18,1534.3,768.8,0.501075,0.5,0.215
KMEW,2025-12-22,3265.6,1610.1,0.493049,0.5,1.39
KOTAKBANK,2026-01-14,2132.6,426.0,0.199756,0.2,0.122
KPIGREEN,2025-01-03,857.75,579.0,0.675022,0.666667,1.253
KREBSBIO,2025-03-25,111.2,76.0,0.683453,0.666667,2.518
KRISHANA,2026-07-03,713.5,145.0,0.203224,0.2,1.612
KSOLVES,2025-02-06,988.4,497.85,0.503693,0.5,0.739
LALPATHLAB,2025-12-19,2793.6,1381.6,0.494559,0.5,1.088
LICI,2026-05-29,830.0,417.6,0.503133,0.5,0.627
MANBA,2024-12-26,161.56,129.24,0.79995,0.8,0.006
MANORG,2024-12-30,571.3,445.0,0.778925,0.8,2.634
MANORG,2026-08-11,565.3,450.0,0.796038,0.8,0.495
MARINE,2025-03-25,263.45,180.8,0.686278,0.666667,2.942
MAZDOCK,2024-12-27,4729.75,2375.0,0.502141,0.5,0.428
MBAPL,2026-07-03,604.3,120.5,0.199404,0.2,0.298
MCX,2026-01-02,10989.0,2230.0,0.20293,0.2,1.465
MGEL,2025-03-04,28.52,14.59,0.511571,0.5,2.314
MIDQ50ADD,2026-07-03,247.99,24.93,0.100528,0.1,0.528
MONEYBOXX,2025-12-15,136.01,69.79,0.513124,0.5,2.625
MOTHERSON,2025-07-18,153.87,102.64,0.667057,0.666667,0.058
MSUMI,2025-07-18,64.47,43.7,0.677835,0.666667,1.675
MWL,2026-07-10,370.25,36.15,0.097637,0.1,2.363
NAUKRI,2025-06-20,7170.0,1470.0,0.205021,0.2,2.51
NAVA,2025-01-20,867.7,438.7,0.505589,0.5,1.118
NESTLEIND,2025-08-08,2234.6,1122.0,0.502103,0.5,0.421
NOIDATOLL,2025-10-13,16.06,3.95,0.245953,0.25,1.619
NUVAMA,2025-12-26,7615.0,1520.0,0.199606,0.2,0.197
OMAXAUTO,2025-11-03,147.31,101.1,0.686308,0.666667,2.946
ORIENTLTD,2025-04-07,124.92,85.0,0.680435,0.666667,2.065
PARAS,2025-07-04,1697.6,858.0,0.505419,0.5,1.084
PASHUPATI,2026-04-17,1004.3,100.0,0.099572,0.1,0.428
PAVNAIND,2025-09-01,413.2,41.85,0.101283,0.1,1.283
PEARLPOLY,2026-08-11,21.64,17.0,0.785582,0.8,1.802
PIDILITIND,2025-09-23,3038.0,1534.0,0.504937,0.5,0.987
PLASTIBLEN,2024-12-09,360.75,287.0,0.795565,0.8,0.554
POCL,2024-10-16,2047.1,1025.0,0.500708,0.5,0.142
POCL,2026-07-21,1401.8,570.0,0.40662,0.4,1.655
POLYMED,2025-06-20,2591.1,2055.0,0.793099,0.8,0.863
POWERMECH,2024-10-08,6235.85,3138.95,0.503372,0.5,0.674
PRAXIS,2026-08-03,7.91,6.3,0.79646,0.8,0.442
PRECOT,2025-10-13,574.8,392.9,0.683542,0.666667,2.531
PROTEAN,2025-06-20,1318.4,892.0,0.676578,0.666667,1.487
PSUBANK,2026-07-10,822.75,83.97,0.10206,0.1,2.06
QNIFTY,2026-02-13,2824.21,285.0,0.100913,0.1,0.913
RAMRAT,2025-12-26,638.1,320.4,0.502116,0.5,0.423
REDTAPE,2025-02-04,726.5,185.95,0.255953,0.25,2.381
RELIANCE,2024-10-28,2655.7,1337.0,0.503445,0.5,0.689
RESPONIND,2025-04-07,194.76,155.8,0.799959,0.8,0.005
RHETAN,2026-08-14,26.17,20.9,0.798624,0.8,0.172
RMDRIP,2025-09-26,762.6,76.0,0.099659,0.1,0.341
ROLEXRINGS,2025-10-17,1327.0,133.1,0.100301,0.1,0.301
ROTO,2024-11-08,560.9,283.9,0.506151,0.5,1.23
RPEL,2024-11-29,1562.85,792.05,0.506798,0.5,1.36
RPPINFRA,2025-07-07,199.39,135.44,0.679272,0.666667,1.891
RPPL,2024-09-17,89.93,45.8,0.509285,0.5,1.857
SANGHVIMOV,2024-09-27,839.15,422.0,0.50289,0.5,0.578
SEMAC,2026-08-17,390.65,310.0,0.793549,0.8,0.806
SENCO,2025-01-31,901.3,449.0,0.498169,0.5,0.366
SHARDAMOTR,2025-07-04,2090.4,1069.0,0.511385,0.5,2.277
SHILPAMED,2025-10-03,778.75,400.0,0.513644,0.5,2.729
SHRIRAMFIN,2025-01-10,2809.85,566.0,0.201434,0.2,0.717
SIEMENS,2025-04-07,4928.15,2450.0,0.497144,0.5,0.571
SIGMA,2025-10-06,536.05,53.8,0.100364,0.1,0.364
SILVER1,2026-03-23,22.31,17.77,0.796504,0.8,0.437
SILVERTUC,2026-03-06,1345.9,137.9,0.102459,0.1,2.459
SKMEGGPROD,2026-01-12,344.05,170.6,0.495858,0.5,0.828
SONAMLTD,2025-02-03,76.5,59.98,0.784052,0.8,1.993
SPCENET,2025-01-06,16.23,12.98,0.799754,0.8,0.031
SPCENET,2025-09-01,10.51,5.24,0.498573,0.5,0.285
SPORTKING,2024-09-13,1572.55,159.0,0.10111,0.1,1.11
STEELCAS,2025-08-29,1095.5,216.1,0.197262,0.2,1.369
SUKHJITS,2024-10-25,528.5,260.0,0.491958,0.5,1.608
SURYAROSNI,2025-01-01,594.65,303.4,0.510216,0.5,2.043
TARIL,2025-02-14,847.95,435.0,0.513002,0.5,2.6
TATAGOLD,2025-12-23,13.07,10.33,0.79036,0.8,1.205
TDPOWERSYS,2026-08-24,1534.8,775.0,0.504952,0.5,0.99
TFCILTD,2025-09-19,363.8,72.75,0.199973,0.2,0.014
THOMASCOTT,2025-06-20,374.2,291.5,0.778995,0.8,2.626
TICL,2026-02-16,33.06,22.64,0.684815,0.666667,2.722
TIGERLOGS,2026-08-17,38.06,25.96,0.682081,0.666667,2.312
TIMETECHNO,2025-09-23,477.8,246.0,0.51486,0.5,2.972
TNTELE,2025-10-06,19.18,12.68,0.661105,0.666667,0.834
TREJHARA,2026-03-09,263.1,179.98,0.684074,0.666667,2.611
TRENT,2026-06-04,4257.6,2830.0,0.664694,0.666667,0.296
TTL,2026-05-19,9.83,7.68,0.781282,0.8,2.34
TVVISION,2026-03-23,11.27,5.68,0.503993,0.5,0.799
UCAL,2025-03-25,199.09,133.99,0.673012,0.666667,0.952
UMANGDAIRY,2025-03-25,113.99,78.1,0.685148,0.666667,2.772
URJA,2025-05-05,19.01,15.0,0.789058,0.8,1.368
USK,2026-05-19,27.22,21.75,0.799045,0.8,0.119
V2RETAIL,2026-03-25,1927.2,195.0,0.101183,0.1,1.183
VAISHALI,2025-01-27,20.08,16.0,0.796813,0.8,0.398
VBL,2024-09-12,1569.15,635.5,0.404996,0.4,1.249
VELJAN,2026-05-06,1044.6,812.0,0.777331,0.8,2.834
VIPULLTD,2026-05-19,11.52,9.11,0.790799,0.8,1.15
VMART,2025-06-23,3556.5,905.0,0.254464,0.25,1.785
VRLLOG,2025-08-14,557.65,280.0,0.502107,0.5,0.421
WAAREEINDO,2026-04-06,487.0,385.0,0.790554,0.8,1.181
WEBELSOLAR,2025-11-14,1352.8,135.0,0.099793,0.1,0.207
WEL,2024-11-12,1564.3,157.5,0.100684,0.1,0.684
WIPRO,2024-12-03,584.55,295.35,0.50526,0.5,1.052
ZODIAC,2026-08-03,346.72,270.05,0.778871,0.8,2.641
ZYDUSWELL,2025-09-18,2578.2,521.9,0.202428,0.2,1.214
